kmer	count_Normal	rank_Normal	count_Primary_tumour	rank_Primary_tumour	rank_delta(Primary_tumour-Normal)
AACTCCAGTCACTGACCAATCTC	0	NA	983351	1305	NA
AAGACGGCATACGAGATTGGTCA	0	NA	967870	1356	NA
AATCTCGTATGCCGTCTTCTGCT	0	NA	981793	1311	NA
ACACGTCTGAACTCCAGTCACTG	0	NA	1087517	1074	NA
ACCAATCTCGTATGCCGTCTTCT	0	NA	971111	1341	NA
ACGAGATTGGTCAGTGACTGGAG	0	NA	966805	1360	NA
ACGGCATACGAGATTGGTCAGTG	0	NA	956804	1384	NA
ACGTCTGAACTCCAGTCACTGAC	0	NA	1081618	1082	NA
ACTCCAGTCACTGACCAATCTCG	0	NA	982743	1309	NA
ACTGACCAATCTCGTATGCCGTC	0	NA	959422	1378	NA
AGACGGCATACGAGATTGGTCAG	0	NA	959511	1377	NA
AGATTGGTCAGTGACTGGAGTTC	0	NA	981311	1312	NA
AGTCACTGACCAATCTCGTATGC	0	NA	965861	1364	NA
AGTGACTGGAGTTCAGACGTGTG	0	NA	1092337	1066	NA
ATACGAGATTGGTCAGTGACTGG	0	NA	968890	1352	NA
ATTGGTCAGTGACTGGAGTTCAG	0	NA	1051310	1140	NA
CAATCTCGTATGCCGTCTTCTGC	0	NA	979877	1317	NA
CACGTCTGAACTCCAGTCACTGA	0	NA	1081856	1081	NA
CAGAAGACGGCATACGAGATTGG	0	NA	977875	1323	NA
CAGTCACTGACCAATCTCGTATG	0	NA	967898	1355	NA
CGGCATACGAGATTGGTCAGTGA	0	NA	972500	1338	NA
CGTCTGAACTCCAGTCACTGACC	0	NA	1079863	1087	NA
GAAGACGGCATACGAGATTGGTC	0	NA	970403	1344	NA
GATTGGTCAGTGACTGGAGTTCA	0	NA	981005	1313	NA
GGCATACGAGATTGGTCAGTGAC	0	NA	970845	1342	NA
GTCTGAACTCCAGTCACTGACCA	0	NA	1069417	1104	NA
TACGAGATTGGTCAGTGACTGGA	0	NA	966749	1361	NA
TCTGAACTCCAGTCACTGACCAA	0	NA	1067516	1108	NA
AAAAAAAAAAAAAAAAAAAAAAA	31332959	1	55740381	1	0
GAATGGAATGGAATGGAATGGAA	13345245	2	33633972	2	0
AATGGAATGGAATGGAATGGAAT	13135195	3	33075282	3	0
GGAATGGAATGGAATGGAATGGA	12626210	4	31838749	4	0
CCATTCCATTCCATTCCATTCCA	11038306	5	27726988	5	0
ATGGAATGGAATGGAATGGAATG	10932166	6	27571380	6	0
ACACACACACACACACACACACA	7196918	7	15562377	7	0
CACACACACACACACACACACAC	6834933	8	14791354	8	0
CCTCCCAAAGTGCTGGGATTACA	5971522	9	13611483	9	0
CTCCCAAAGTGCTGGGATTACAG	5971012	10	13592158	10	0
CCTGTAATCCCAGCACTTTGGGA	5878932	11	13390707	11	0
